Cities,Algorithm,Path Length,Time
10,ACO,221.26643315126307,0.33514833450317383
10,PSO_discrete,247.2527613412367,0.020796775817871094
30,ACO,424.3507941338756,1.8301043510437012
30,PSO_discrete,913.1330789862819,0.04994082450866699
50,ACO,573.6002405273326,5.046009063720703
50,PSO_discrete,1826.5608886484724,0.05515789985656738
